NAME,DRIVER, NO
Daniel Ricciardo,D. RICCIARDO,3
Sebastian Vettel,S. VETTEL,5
Nico Rosberg,N. ROSBERG,6
Kimi Raikkonen,K. RAIKKONEN,7
Romain Grosjean,R. GROSJEAN,8
Marcus Ericsson,M. ERICSSON,9
Sergio Perez,S. PEREZ,11
Felipe Nasr,F. NASR,12
Fernando Alonso,F. ALONSO,14
Felipe Massa,F. MASSA,19
Kevin Magnussen,K. MAGNUSSEN,20
Esteban Gutierrez,E. GUTIERREZ,21
Jenson Button,J. BUTTON,22
Daniel Kvyat,D. KVYAT,26
Nico Hulkenberg,N. HULKENBERG,27
Jolyon Palmer,J. PALMER,30
Max Verstappen,M. VERSTAPPEN,33
Lewis Hamilton,L. HAMILTON,44
Carlos Sainz Jnr,C. SAINZ,55
Valtteri Bottas,V. BOTTAS,77
Rio Haryanto,R. HARYANTO,88
Pascal Wehrlein,P. WEHRLEIN,94
Stoffel Vandoorne,S. VANDOORNE,41
